date,n,auc,auc_lo,auc_hi,calib_err
2016-07-28,150,0.5570014662756598,,,0.2633333333333333
2016-08-01,150,0.5583901270952293,,,0.26333333333333336
2016-08-10,150,0.5596296296296296,,,0.2633333333333333
2016-08-17,150,0.5651851851851852,,,0.2566666666666666
2016-08-19,150,0.5662134475693797,,,0.2566666666666667
2016-08-24,150,0.5623148148148148,,,0.2433333333333333
2016-08-26,150,0.5567592592592593,,,0.25
2016-08-31,150,0.5576457440864221,,,0.25
2016-09-01,150,0.5631402495809276,,,0.2433333333333334
2016-09-08,150,0.563811844077961,,,0.24333333333333335
2016-09-09,150,0.563811844077961,,,0.24333333333333335
2016-09-26,150,0.5731937370307489,,,0.25
2016-09-29,150,0.5820599886813809,,,0.2566666666666667
2016-10-03,150,0.5774126139817629,,,0.26333333333333336
2016-10-06,150,0.5774126139817629,,,0.26333333333333336
2016-10-07,150,0.5820599886813809,,,0.2566666666666667
2016-10-13,150,0.5820599886813809,,,0.2566666666666667
2016-10-17,150,0.586436170212766,,,0.26999999999999996
2016-10-20,150,0.5911004784688996,,,0.2833333333333334
2016-10-28,150,0.5911004784688996,,,0.2833333333333334
2016-11-02,150,0.5960648148148148,,,0.29666666666666663
2016-11-03,150,0.6002870813397129,,,0.29
2016-11-10,150,0.5950239234449761,,,0.2966666666666667
2016-12-12,150,0.5950239234449761,,,0.2966666666666667
2016-12-16,150,0.6002870813397129,,,0.29
2016-12-22,150,0.6002870813397129,,,0.29
2016-12-30,150,0.595459726443769,,,0.27666666666666667
2017-01-05,150,0.6007788753799392,,,0.26999999999999996
2017-01-11,150,0.6060980243161094,,,0.26333333333333336
2017-01-12,150,0.6016789285040558,,,0.25
2017-01-19,150,0.6016789285040558,,,0.25
2017-01-23,150,0.6016789285040558,,,0.25
2017-01-27,150,0.6023936170212766,,,0.24999999999999994
2017-01-30,150,0.6077127659574468,,,0.24333333333333335
2017-02-16,150,0.613031914893617,,,0.23666666666666664
2017-02-23,150,0.6183510638297872,,,0.23000000000000004
2017-03-02,150,0.6143180531975099,,,0.21666666666666667
2017-03-16,150,0.6093275075987842,,,0.22333333333333333
2017-03-17,150,0.6146466565349544,,,0.21666666666666662
2017-03-20,150,0.6199658054711246,,,0.21000000000000002
2017-03-22,150,0.6148325358851675,,,0.21666666666666673
2017-03-24,150,0.6148325358851675,,,0.21666666666666673
2017-04-03,150,0.6096643518518519,,,0.22333333333333338
2017-04-07,150,0.6044543863061661,,,0.23000000000000004
2017-04-12,150,0.5991954474097331,,,0.2366666666666667
2017-04-21,150,0.5991954474097331,,,0.2366666666666667
2017-04-28,150,0.6042974882260597,,,0.22999999999999998
2017-05-03,150,0.6039809863339275,,,0.22999999999999993
2017-05-04,150,0.6090314913844326,,,0.22333333333333333
2017-05-08,150,0.6140819964349377,,,0.21666666666666662
2017-05-11,150,0.6191325014854426,,,0.21000000000000002
2017-05-17,150,0.6098901098901099,,,0.20333333333333337
2017-06-09,150,0.6098901098901099,,,0.20333333333333337
2017-06-12,150,0.6191325014854426,,,0.21000000000000002
2017-06-14,150,0.6241830065359477,,,0.2033333333333333
2017-06-16,150,0.6235,,,0.2033333333333333
2017-06-29,150,0.6235,,,0.2033333333333333
2017-07-24,150,0.6235,,,0.2033333333333333
2017-07-27,150,0.6285,,,0.1966666666666667
2017-07-28,150,0.6276015356637704,,,0.19666666666666666
2017-08-02,150,0.6325520307132754,,,0.19000000000000006
2017-08-03,150,0.6375025257627803,,,0.18333333333333335
2017-08-10,150,0.6385,,,0.1833333333333334
2017-08-17,150,0.6393345216874629,,,0.1833333333333333
2017-08-18,150,0.6342840166369578,,,0.19
2017-08-21,150,0.6285,,,0.1966666666666667
2017-08-24,150,0.6226510406142655,,,0.20333333333333337
2017-09-05,150,0.6276015356637704,,,0.19666666666666666
2017-09-20,150,0.6265318627450981,,,0.1966666666666667
2017-09-21,150,0.6314338235294118,,,0.19
2017-09-25,150,0.6360256145424499,,,0.20333333333333337
2017-10-09,150,0.6457984949832776,,,0.21000000000000008
2017-10-19,150,0.6471571906354515,,,0.20666666666666667
2017-10-23,150,0.6423259657095641,,,0.19333333333333336
2017-10-25,150,0.6529642635819045,,,0.19999999999999996
2017-10-30,150,0.6529642635819045,,,0.19999999999999996
2017-11-02,150,0.6628344481605352,,,0.20666666666666667
2017-11-08,150,0.6619047619047619,,,0.20666666666666672
2017-11-09,150,0.6608061749571184,,,0.20666666666666667
2017-11-15,150,0.6655231560891939,,,0.2
2017-11-29,150,0.6702401372212693,,,0.19333333333333336
2017-12-01,150,0.6688763312323408,,,0.1933333333333333
2018-01-16,150,0.6673280423280423,,,0.1933333333333333
2018-01-18,150,0.665585142089953,,,0.19333333333333336
2018-01-29,150,0.6636363636363637,,,0.19333333333333336
2018-02-02,150,0.6511363636363636,,,0.18666666666666665
2018-02-05,150,0.6386363636363637,,,0.18
2018-02-08,150,0.6457820541508167,,,0.17333333333333334
2018-02-09,150,0.6457820541508167,,,0.17333333333333334
2018-03-01,150,0.6386363636363637,,,0.18
2018-03-14,150,0.6358281358281358,,,0.18
2018-03-19,150,0.6358281358281358,,,0.18
2018-03-22,150,0.6431818181818182,,,0.17333333333333334
2018-03-23,150,0.6358281358281358,,,0.18
2018-03-28,150,0.6358281358281358,,,0.18
2018-04-02,150,0.6431818181818182,,,0.17333333333333334
2018-04-06,150,0.6431818181818182,,,0.17333333333333334
2018-04-19,150,0.6403326403326404,,,0.17333333333333334
2018-04-20,150,0.6352272727272728,,,0.16000000000000003
2018-04-25,150,0.6306818181818182,,,0.16666666666666669
2018-04-30,150,0.6335869321995973,,,0.16666666666666669
2018-05-02,150,0.6289997762362944,,,0.17333333333333334
2018-05-03,150,0.6244126202729917,,,0.18
2018-05-24,150,0.6244126202729917,,,0.18
2018-05-29,150,0.634090909090909,,,0.18666666666666665
2018-05-31,150,0.6268191268191268,,,0.1933333333333333
2018-06-07,150,0.6238251879699248,,,0.1933333333333333
2018-06-15,150,0.6238251879699248,,,0.1933333333333333
2018-06-21,150,0.636983082706767,,,0.19999999999999996
2018-06-25,150,0.636983082706767,,,0.19999999999999996
2018-06-27,150,0.6441441441441441,,,0.1933333333333333
2018-07-19,150,0.6414473684210527,,,0.1933333333333333
2018-07-27,150,0.6358281358281358,,,0.18
2018-07-30,150,0.623007623007623,,,0.17333333333333334
2018-08-13,150,0.6327537593984962,,,0.18
2018-08-15,150,0.6282894736842105,,,0.18666666666666665
2018-08-30,150,0.6327537593984962,,,0.18
2018-09-04,150,0.629394881607271,,,0.18000000000000002
2018-09-06,150,0.6338196603683329,,,0.1733333333333333
2018-09-17,150,0.6285244360902256,,,0.15999999999999998
2018-09-21,150,0.6153665413533834,,,0.15333333333333332
2018-10-04,150,0.6108801108801108,,,0.14
2018-10-05,150,0.6068181818181818,,,0.12666666666666665
2018-10-08,150,0.5980595980595981,,,0.1333333333333333
2018-10-10,150,0.5980595980595981,,,0.1333333333333333
2018-10-11,150,0.6108801108801108,,,0.14
2018-10-17,150,0.6108801108801108,,,0.14
2018-10-18,150,0.6147727272727272,,,0.14
2018-10-22,150,0.6147727272727272,,,0.14
2018-10-24,150,0.6183710002237637,,,0.14
2018-10-26,150,0.613783844260461,,,0.14666666666666667
2018-10-29,150,0.6091966882971582,,,0.15333333333333338
2018-11-02,150,0.6046095323338555,,,0.16000000000000003
2018-11-09,150,0.6046095323338555,,,0.16000000000000003
2018-11-12,150,0.5958994708994709,,,0.15333333333333332
2018-11-14,150,0.5878272544193331,,,0.16000000000000003
2018-11-19,150,0.5912698412698413,,,0.15999999999999998
2018-12-06,150,0.5878272544193331,,,0.16000000000000003
2018-12-10,150,0.5878272544193331,,,0.16000000000000003
2018-12-14,150,0.5832400984560304,,,0.16666666666666669
2018-12-17,150,0.5866402116402116,,,0.16666666666666663
2018-12-19,150,0.5897630949793523,,,0.16666666666666663
2018-12-20,150,0.5897630949793523,,,0.16666666666666663
2018-12-21,150,0.5973413379073756,,,0.15999999999999998
2018-12-24,150,0.6047619047619047,,,0.15333333333333332
2019-01-22,150,0.6134219554030875,,,0.15999999999999998
2019-01-28,150,0.6134219554030875,,,0.15999999999999998
2019-02-07,150,0.6134219554030875,,,0.15999999999999998
2019-02-21,150,0.6134219554030875,,,0.15999999999999998
2019-02-27,150,0.6134219554030875,,,0.15999999999999998
2019-03-04,150,0.6158730158730159,,,0.16000000000000003
2019-03-06,150,0.607232441471572,,,0.15333333333333338
2019-03-07,150,0.607232441471572,,,0.15333333333333338
2019-03-20,150,0.607232441471572,,,0.15333333333333338
2019-03-22,150,0.5988432142119396,,,0.14666666666666667
2019-03-25,150,0.607232441471572,,,0.15333333333333338
2019-03-27,150,0.607232441471572,,,0.15333333333333338
2019-04-11,150,0.607232441471572,,,0.15333333333333338
2019-04-15,150,0.607232441471572,,,0.15333333333333338
2019-04-17,150,0.5988432142119396,,,0.14666666666666667
2019-04-18,150,0.607232441471572,,,0.15333333333333338
2019-04-25,150,0.607232441471572,,,0.15333333333333338
2019-04-26,150,0.6047619047619047,,,0.15333333333333332
2019-05-02,150,0.6095238095238096,,,0.14666666666666667
2019-05-09,150,0.6168478260869565,,,0.14
2019-05-10,150,0.6095238095238096,,,0.14666666666666667
2019-05-13,150,0.6095238095238096,,,0.14666666666666667
2019-05-23,150,0.6095238095238096,,,0.14666666666666667
2019-06-03,150,0.6095238095238096,,,0.14666666666666667
2019-06-14,150,0.6142857142857143,,,0.14
2019-07-05,150,0.6190476190476191,,,0.13333333333333336
2019-07-17,150,0.6079365079365079,,,0.1266666666666667
2019-07-25,150,0.6126984126984127,,,0.12
2019-07-29,150,0.6126984126984127,,,0.12
2019-07-31,150,0.6047240802675585,,,0.11333333333333334
2019-08-01,150,0.5969840941954142,,,0.10666666666666663
2019-08-02,150,0.6076223920677546,,,0.11333333333333334
2019-08-05,150,0.6102941176470589,,,0.11333333333333334
2019-08-07,150,0.6053921568627451,,,0.12
2019-08-09,150,0.6085519520760173,,,0.1333333333333333
2019-08-12,150,0.6085519520760173,,,0.1333333333333333
2019-08-14,150,0.6158088235294118,,,0.12666666666666665
2019-08-22,150,0.6109068627450981,,,0.1333333333333333
2019-08-23,150,0.6130531420488987,,,0.13333333333333336
2019-09-18,150,0.6130531420488987,,,0.13333333333333336
2019-09-20,150,0.605,,,0.1266666666666667
2019-09-25,150,0.6081026469993939,,,0.14
2019-09-26,150,0.6081026469993939,,,0.14
2019-09-27,150,0.61,,,0.14
2019-10-03,150,0.605,,,0.14666666666666667
2019-10-31,150,0.6019013666072489,,,0.1333333333333333
2019-11-08,150,0.606951871657754,,,0.12666666666666665
2019-11-20,150,0.6120023767082591,,,0.12
2019-11-21,150,0.6170528817587642,,,0.11333333333333329
2019-12-30,150,0.6144034536891679,,,0.09999999999999998
2020-01-23,150,0.6122994652406417,,,0.09999999999999998
2020-01-24,150,0.6047880690737834,,,0.09333333333333332
2020-01-30,150,0.5996860282574569,,,0.09999999999999998
2020-01-31,150,0.6017311807041431,,,0.09999999999999998
2020-02-18,150,0.6017311807041431,,,0.09999999999999998
2020-02-20,150,0.6017311807041431,,,0.09999999999999998
2020-02-21,150,0.6017311807041431,,,0.09999999999999998
2020-02-26,150,0.5965765415288854,,,0.10666666666666669
2020-02-27,150,0.5983796296296297,,,0.10666666666666669
2020-02-28,150,0.5931712962962963,,,0.11333333333333334
2020-03-05,150,0.5879629629629629,,,0.12
2020-03-11,150,0.5879629629629629,,,0.12
2020-03-12,150,0.5827546296296297,,,0.1266666666666667
2020-03-18,150,0.5775462962962963,,,0.13333333333333336
2020-03-20,150,0.5789473684210527,,,0.13333333333333336
2020-03-23,150,0.5736842105263158,,,0.14000000000000007
2020-04-03,150,0.5684210526315789,,,0.14666666666666667
2020-04-13,150,0.5619212962962963,,,0.15333333333333332
2020-04-30,150,0.5553394281268236,,,0.15999999999999998
2020-05-01,150,0.5604940673020813,,,0.15333333333333338
2020-05-13,150,0.5578703703703703,,,0.14
2020-05-14,150,0.5578703703703703,,,0.14
2020-05-21,150,0.5593301435406699,,,0.14000000000000007
2020-05-22,150,0.5593301435406699,,,0.14000000000000007
2020-05-29,150,0.5593301435406699,,,0.14000000000000007
2020-06-10,150,0.5645933014354066,,,0.13333333333333336
2020-06-11,150,0.5569908814589666,,,0.12666666666666665
2020-06-17,150,0.5516717325227963,,,0.13333333333333336
2020-06-19,150,0.5593301435406699,,,0.14000000000000007
2020-06-24,150,0.5593301435406699,,,0.14000000000000007
2020-06-26,150,0.565919452887538,,,0.13333333333333336
2020-07-09,150,0.5606003039513677,,,0.13999999999999996
2020-07-23,150,0.5529145444255801,,,0.1333333333333333
2020-07-30,150,0.5475382003395586,,,0.14
2020-07-31,150,0.5475382003395586,,,0.14
2020-08-10,150,0.5475382003395586,,,0.14
2020-08-31,150,0.5475382003395586,,,0.14
2020-09-03,150,0.5399175412293853,,,0.13333333333333336
2020-09-04,150,0.5399175412293853,,,0.13333333333333336
2020-09-08,150,0.5344827586206896,,,0.13999999999999996
2020-09-10,150,0.5431034482758621,,,0.14666666666666667
2020-09-11,150,0.5509337860780985,,,0.15333333333333332
2020-09-18,150,0.5421618562535371,,,0.1466666666666666
2020-09-21,150,0.5421618562535371,,,0.1466666666666666
2020-09-23,150,0.5485382308845578,,,0.13999999999999996
2020-10-14,150,0.5408828459675917,,,0.1333333333333333
2020-10-19,150,0.5324082696964053,,,0.1266666666666667
2020-10-26,150,0.5239336934252189,,,0.12
2020-10-28,150,0.5305555555555556,,,0.11333333333333329
2020-10-30,150,0.5239336934252189,,,0.12
2020-11-06,150,0.5226761619190404,,,0.12000000000000005
2020-11-12,150,0.5281109445277361,,,0.11333333333333334
2020-11-25,150,0.5281109445277361,,,0.11333333333333334
2020-12-18,150,0.5281109445277361,,,0.11333333333333334
2020-12-21,150,0.5335457271364318,,,0.10666666666666669
2021-01-04,150,0.5249250374812594,,,0.10000000000000003
2021-01-15,150,0.530359820089955,,,0.09333333333333332
2021-01-25,150,0.5357946026986506,,,0.08666666666666667
2021-01-27,150,0.528962562860868,,,0.08000000000000002
2021-01-29,150,0.5305555555555556,,,0.07999999999999996
2021-02-18,150,0.5361111111111111,,,0.0733333333333333
2021-02-25,150,0.5375759808436176,,,0.0733333333333333
2021-02-26,150,0.5375759808436176,,,0.0733333333333333
2021-03-03,150,0.5293792595321422,,,0.06666666666666665
2021-03-04,150,0.5211825382206667,,,0.06
2021-03-05,150,0.5138888888888888,,,0.06666666666666665
2021-03-19,150,0.5138888888888888,,,0.06666666666666665
2021-03-29,150,0.5149934810951761,,,0.08000000000000002
2021-04-14,150,0.5217391304347826,,,0.08666666666666667
2021-04-19,150,0.5217391304347826,,,0.08666666666666667
2021-04-22,150,0.5217391304347826,,,0.08666666666666667
2021-05-06,150,0.5163043478260869,,,0.09333333333333332
2021-05-10,150,0.5094989756006705,,,0.08666666666666667
2021-05-12,150,0.5111111111111111,,,0.08666666666666667
2021-06-07,150,0.5124790463773514,,,0.10000000000000003
2021-06-14,150,0.5194902548725637,,,0.10666666666666669
2021-06-16,150,0.5194902548725637,,,0.10666666666666669
2021-06-17,150,0.5265987549518959,,,0.11333333333333334
2021-06-18,150,0.5319750990379174,,,0.10666666666666669
2021-07-06,150,0.523203169213356,,,0.09999999999999998
2021-07-15,150,0.5212765957446809,,,0.09999999999999998
2021-07-16,150,0.519807583474816,,,0.08666666666666667
2021-07-19,150,0.5176671732522796,,,0.08666666666666667
2021-08-16,150,0.5229863221884499,,,0.07999999999999996
2021-08-18,150,0.5140577507598785,,,0.0733333333333333
2021-08-26,150,0.5130164119977363,,,0.06
2021-09-07,150,0.5183927560837578,,,0.053333333333333344
2021-09-10,150,0.517616191904048,,,0.040000000000000036
2021-09-16,150,0.5200223505308251,,,0.040000000000000036
2021-09-17,150,0.5200223505308251,,,0.040000000000000036
2021-09-20,150,0.5200223505308251,,,0.040000000000000036
2021-09-30,150,0.5121814092953523,,,0.04666666666666669
2021-11-10,150,0.5060532687651331,,,0.040000000000000036
2021-11-17,150,0.5115477742596387,,,0.03333333333333338
2021-11-18,150,0.5170422797541442,,,0.026666666666666672
2021-11-26,150,0.5170422797541442,,,0.026666666666666672
2021-12-03,150,0.5170422797541442,,,0.026666666666666672
2021-12-13,150,0.5166666666666667,,,0.013333333333333308
2021-12-15,150,0.5140622089774632,,,0.013333333333333364
2021-12-17,150,0.5112443778110944,,,0.013333333333333364
2021-12-20,150,0.5112443778110944,,,0.013333333333333364
2022-01-05,150,0.5110821382007823,,,0.0
2022-01-06,150,0.5110821382007823,,,0.0
2022-01-07,150,0.5055876327062768,,,0.00666666666666671
2022-01-10,150,0.5000931272117712,,,0.013333333333333364
2022-01-13,150,0.4916185509405848,,,0.00666666666666671
2022-01-18,150,0.4917541229385307,,,0.020000000000000018
2022-01-21,150,0.49459862171726576,,,0.020000000000000018
2022-01-27,150,0.4891041162227603,,,0.026666666666666672
2022-01-28,150,0.4917541229385307,,,0.03666666666666668
2022-02-11,150,0.4858446638107655,,,0.030000000000000027
2022-02-14,150,0.4858446638107655,,,0.030000000000000027
2022-02-17,150,0.48842592592592593,,,0.02999999999999997
2022-02-18,150,0.4828703703703704,,,0.036666666666666625
2022-02-22,150,0.4834233563047122,,,0.050000000000000044
2022-03-03,150,0.47792885081020675,,,0.0566666666666667
2022-03-04,150,0.4724343453157012,,,0.06333333333333335
2022-03-07,150,0.4746296296296296,,,0.0633333333333333
2022-04-06,150,0.4690740740740741,,,0.06999999999999995
2022-04-08,150,0.46144533432669027,,,0.07666666666666666
2022-04-11,150,0.4690740740740741,,,0.06999999999999995
2022-04-14,150,0.4766071099650028,,,0.0633333333333333
2022-04-21,150,0.4840542521994135,,,0.05666666666666664
2022-04-22,150,0.4914249224594052,,,0.04999999999999999
2022-04-25,150,0.4856777960226236,,,0.0566666666666667
2022-04-29,150,0.4871002906976744,,,0.05666666666666664
2022-05-02,150,0.4879584017515052,,,0.07
2022-05-05,150,0.48918968023255816,,,0.06999999999999995
2022-05-06,150,0.48337572674418605,,,0.0766666666666666
2022-05-09,150,0.4844918810436052,,,0.09000000000000002
2022-05-11,150,0.48579545454545453,,,0.10333333333333339
2022-05-18,150,0.48579545454545453,,,0.10333333333333339
2022-05-20,150,0.4790016577638607,,,0.11000000000000004
2022-05-31,150,0.4790016577638607,,,0.11000000000000004
2022-06-09,150,0.48579545454545453,,,0.10333333333333339
2022-06-10,150,0.4790016577638607,,,0.11000000000000004
2022-06-13,150,0.4721296296296296,,,0.1166666666666667
2022-06-16,150,0.4721296296296296,,,0.1166666666666667
2022-06-27,150,0.46517042279754145,,,0.1233333333333334
2022-06-30,150,0.459675917303036,,,0.13
2022-07-14,150,0.4613943028485757,,,0.14333333333333337
2022-07-21,150,0.4613943028485757,,,0.14333333333333337
2022-07-22,150,0.4682436207859937,,,0.13666666666666671
2022-07-28,150,0.4613943028485757,,,0.14333333333333337
2022-08-19,150,0.4682436207859937,,,0.13666666666666671
2022-08-22,150,0.4682436207859937,,,0.13666666666666671
2022-08-26,150,0.46944444444444444,,,0.1366666666666666
2022-09-01,150,0.4638888888888889,,,0.1433333333333333
2022-09-02,150,0.4648185669552404,,,0.14333333333333337
2022-09-06,150,0.46675925925925926,,,0.15666666666666662
2022-09-16,150,0.4612037037037037,,,0.16333333333333333
2022-09-22,150,0.46340100577388715,,,0.17666666666666664
2022-09-23,150,0.46340100577388715,,,0.17666666666666664
2022-09-26,150,0.4570839580209895,,,0.1833333333333333
2022-09-29,150,0.4579065002793816,,,0.18333333333333335
2022-10-07,150,0.4585185185185185,,,0.18333333333333335
2022-10-10,150,0.46097969826783386,,,0.19666666666666666
2022-10-14,150,0.46694444444444444,,,0.18999999999999995
2022-11-02,150,0.46694444444444444,,,0.18999999999999995
2022-11-03,150,0.46694444444444444,,,0.18999999999999995
2022-11-09,150,0.4728310922821882,,,0.1833333333333333
2022-11-30,150,0.46694444444444444,,,0.18999999999999995
2022-12-01,150,0.46694444444444444,,,0.18999999999999995
2022-12-05,150,0.4645422729784491,,,0.1766666666666667
2022-12-15,150,0.4645422729784491,,,0.1766666666666667
2022-12-16,150,0.4645422729784491,,,0.1766666666666667
2022-12-19,150,0.4645422729784491,,,0.1766666666666667
2022-12-22,150,0.4704912023460411,,,0.17000000000000004
2022-12-27,150,0.4704912023460411,,,0.17000000000000004
2023-01-03,150,0.4706257982120051,,,0.16999999999999998
2023-01-05,150,0.47296554252199413,,,0.18333333333333335
2023-01-12,150,0.47296554252199413,,,0.18333333333333335
2023-01-25,150,0.4672131147540984,,,0.19
2023-02-08,150,0.4615951372260085,,,0.1966666666666667
2023-02-09,150,0.4559771596979186,,,0.2033333333333333
2023-02-17,150,0.4503591821698287,,,0.21000000000000002
2023-02-21,150,0.4586480014735679,,,0.21666666666666662
2023-02-23,150,0.4586480014735679,,,0.21666666666666662
2023-02-24,150,0.45839442815249265,,,0.21666666666666667
2023-03-09,150,0.45839442815249265,,,0.21666666666666667
2023-03-10,150,0.45839442815249265,,,0.21666666666666667
2023-03-17,150,0.45839442815249265,,,0.21666666666666667
2023-04-06,150,0.4613188432492172,,,0.23000000000000004
2023-04-12,150,0.4613188432492172,,,0.23000000000000004
2023-04-14,150,0.4557008657211273,,,0.23666666666666664
2023-04-21,150,0.4500828881930374,,,0.24333333333333335
2023-04-26,150,0.4444649106649475,,,0.24999999999999994
2023-05-04,150,0.4527537299686867,,,0.25666666666666665
2023-05-11,150,0.4471357524405968,,,0.26333333333333336
2023-05-12,150,0.4471357524405968,,,0.26333333333333336
2023-05-24,150,0.44222222222222224,,,0.27
2023-06-14,150,0.44222222222222224,,,0.27
2023-06-16,150,0.4512944682436208,,,0.2766666666666667
2023-06-20,150,0.45678897373812627,,,0.27
2023-07-27,150,0.45678897373812627,,,0.27
2023-08-02,150,0.465356677221084,,,0.2766666666666667
2023-08-09,150,0.46917166416791606,,,0.29
2023-08-16,150,0.47788605697151426,,,0.2966666666666667
2023-08-17,150,0.47788605697151426,,,0.2966666666666667
2023-08-24,150,0.48249208418699946,,,0.29000000000000004
2023-09-05,150,0.47699757869249393,,,0.29666666666666663
2023-09-15,150,0.4759259259259259,,,0.29666666666666663
2023-09-20,150,0.47467305212746363,,,0.2966666666666667
2023-09-21,150,0.4829618714312028,,,0.3033333333333333
2023-09-27,150,0.47734389390311294,,,0.31
2023-09-29,150,0.4816666666666667,,,0.32333333333333336
2023-10-02,150,0.4761111111111111,,,0.32999999999999996
2023-10-04,150,0.47055555555555556,,,0.33666666666666667
2023-10-05,150,0.4789814814814815,,,0.34333333333333327
2023-10-12,150,0.47522816166883963,,,0.35
2023-10-13,150,0.46973365617433416,,,0.3566666666666667
2023-10-18,150,0.46973365617433416,,,0.3566666666666667
2023-10-19,150,0.4678703703703704,,,0.3566666666666667
2023-10-20,150,0.4762962962962963,,,0.3633333333333333
2023-10-25,150,0.4847222222222222,,,0.37
2023-10-26,150,0.4847222222222222,,,0.37
2023-10-27,150,0.4791666666666667,,,0.3766666666666666
2023-11-09,150,0.4824092834776202,,,0.36999999999999994
2023-11-30,150,0.4824092834776202,,,0.36999999999999994
2023-12-04,150,0.4824092834776202,,,0.36999999999999994
2023-12-20,150,0.4774560117302053,,,0.3566666666666667
2023-12-29,150,0.4727239554825762,,,0.3433333333333333
2024-01-11,150,0.4774560117302053,,,0.3566666666666667
2024-01-16,150,0.4797384417019709,,,0.35666666666666663
2024-01-31,150,0.4749816715542522,,,0.3433333333333334
2024-02-05,150,0.4749816715542522,,,0.3433333333333334
2024-02-16,150,0.4853564192300608,,,0.35000000000000003
2024-02-20,150,0.4853564192300608,,,0.35000000000000003
2024-03-08,150,0.4797384417019709,,,0.35666666666666663
2024-03-11,150,0.49027777777777776,,,0.3633333333333333
2024-03-13,150,0.4847222222222222,,,0.37
2024-03-14,150,0.4954367666232073,,,0.3766666666666667
2024-03-15,150,0.4954367666232073,,,0.3766666666666667
2024-03-22,150,0.4954367666232073,,,0.3766666666666667
2024-04-01,150,0.4954367666232073,,,0.3766666666666667
2024-04-04,150,0.504004470106165,,,0.3833333333333333
2024-04-11,150,0.49850996461165953,,,0.39
2024-04-12,150,0.5041229385307346,,,0.4033333333333334
2024-04-15,150,0.5041229385307346,,,0.4033333333333334
2024-04-17,150,0.5099981135634786,,,0.41666666666666663
2024-04-19,150,0.5128373313343328,,,0.41
2024-04-24,150,0.5128373313343328,,,0.41
2024-04-25,150,0.5188643652141105,,,0.42333333333333334
2024-05-22,150,0.5188643652141105,,,0.42333333333333334
2024-05-23,150,0.5074025487256372,,,0.4166666666666667
2024-05-31,150,0.5046217694774571,,,0.42333333333333334
2024-06-03,150,0.5046217694774571,,,0.42333333333333334
2024-06-20,150,0.5161474164133738,,,0.43
2024-06-28,150,0.513488021128089,,,0.43000000000000005
2024-07-11,150,0.5019677661169415,,,0.4233333333333334
2024-07-18,150,0.49059415161110076,,,0.41666666666666674
2024-07-19,150,0.4965329835082459,,,0.43
2024-07-24,150,0.493667349599553,,,0.43000000000000005
2024-07-25,150,0.493667349599553,,,0.43000000000000005
2024-08-01,150,0.4962037037037037,,,0.42333333333333334
2024-08-02,150,0.5046296296296297,,,0.42999999999999994
2024-08-22,150,0.5046296296296297,,,0.42999999999999994
2024-08-26,150,0.5022350530825107,,,0.43666666666666665
2024-08-28,150,0.4962037037037037,,,0.42333333333333334
2024-09-03,150,0.4941057284951188,,,0.42
2024-09-05,150,0.5,,,0.43333333333333335
2024-09-06,150,0.5023024498065942,,,0.4266666666666667
2024-09-11,150,0.5,,,0.43333333333333335
2024-10-07,150,0.5023024498065942,,,0.4266666666666667
2024-10-21,150,0.5079204273346841,,,0.42
2024-10-23,150,0.5079204273346841,,,0.42
2024-10-31,150,0.5102639296187683,,,0.41333333333333333
2024-11-04,150,0.5079204273346841,,,0.42
2024-11-14,150,0.5021994134897361,,,0.4066666666666666
2024-11-15,150,0.4967159277504105,,,0.39333333333333337
2024-11-20,150,0.4941348973607038,,,0.4
2024-11-21,150,0.4971449622398232,,,0.39999999999999997
2024-11-27,150,0.48894824092834777,,,0.39333333333333337
2024-12-09,150,0.48075151961687235,,,0.38666666666666666
2024-12-23,150,0.48075151961687235,,,0.38666666666666666
2024-12-30,150,0.48333333333333334,,,0.3866666666666666
2025-01-08,150,0.48636949714496225,,,0.37999999999999995
2025-01-10,150,0.48636949714496225,,,0.37999999999999995
2025-01-29,150,0.48636949714496225,,,0.37999999999999995
2025-01-31,150,0.48636949714496225,,,0.37999999999999995
2025-02-07,150,0.48936950146627567,,,0.3733333333333333
2025-02-20,150,0.49198747467305215,,,0.37333333333333335
2025-02-21,150,0.4869868035190616,,,0.36
2025-02-24,150,0.4869868035190616,,,0.36
2025-02-27,150,0.4869868035190616,,,0.36
2025-03-03,150,0.49014778325123154,,,0.35333333333333333
2025-03-06,150,0.49014778325123154,,,0.35333333333333333
2025-03-07,150,0.49014778325123154,,,0.35333333333333333
2025-03-10,150,0.49327761627906974,,,0.3466666666666666
2025-03-13,150,0.49327761627906974,,,0.3466666666666666
2025-03-26,150,0.49638009049773757,,,0.33999999999999997
2025-03-28,150,0.49945887445887444,,,0.3333333333333333
2025-04-03,150,0.49638009049773757,,,0.33999999999999997
2025-04-04,150,0.49945887445887444,,,0.3333333333333333
2025-04-10,150,0.49945887445887444,,,0.3333333333333333
2025-04-21,150,0.5070346320346321,,,0.34
2025-04-30,150,0.5040723981900452,,,0.3466666666666667
2025-05-21,150,0.49945887445887444,,,0.3333333333333333
2025-05-30,150,0.49638009049773757,,,0.33999999999999997
2025-06-05,150,0.502262443438914,,,0.33333333333333337
2025-06-13,150,0.5081447963800905,,,0.32666666666666666
2025-06-20,150,0.5113636363636364,,,0.32
2025-07-07,150,0.5173160173160173,,,0.3133333333333333
2025-07-30,150,0.5232683982683982,,,0.3066666666666667
2025-08-01,150,0.5199095022624435,,,0.31333333333333335
2025-08-07,150,0.5165334302325582,,,0.32
2025-08-20,150,0.5165334302325582,,,0.32
2025-08-29,150,0.5165334302325582,,,0.32
2025-09-02,150,0.5188834154351396,,,0.32
2025-09-05,150,0.5188834154351396,,,0.32
2025-09-17,150,0.5210777126099707,,,0.31999999999999995
2025-09-24,150,0.5267595307917888,,,0.31333333333333335
2025-09-25,150,0.5267595307917888,,,0.31333333333333335
2025-10-09,150,0.5348240469208211,,,0.31999999999999995
2025-10-10,150,0.5267595307917888,,,0.31333333333333335
2025-10-16,150,0.5267595307917888,,,0.31333333333333335
2025-10-22,150,0.5267595307917888,,,0.31333333333333335
2025-11-03,150,0.5231165960582059,,,0.32
2025-11-06,150,0.5267595307917888,,,0.31333333333333335
2025-11-07,150,0.5267595307917888,,,0.31333333333333335
2025-11-13,150,0.5224411603721949,,,0.3
2025-11-17,150,0.5261627906976745,,,0.2933333333333333
2025-11-20,150,0.5298642533936652,,,0.2866666666666666
2025-12-11,150,0.5357466063348416,,,0.28
2025-12-12,150,0.5319264069264069,,,0.26666666666666666
2025-12-15,150,0.5378787878787878,,,0.25999999999999995
2025-12-17,150,0.5378787878787878,,,0.25999999999999995
2025-12-31,150,0.5378787878787878,,,0.25999999999999995
2026-01-14,150,0.5398190045248868,,,0.26
2026-01-20,150,0.5398190045248868,,,0.26
2026-01-29,150,0.5357921511627907,,,0.26666666666666666
2026-01-30,150,0.5357921511627907,,,0.26666666666666666
2026-02-04,150,0.5357921511627907,,,0.26666666666666666
2026-02-05,150,0.5357921511627907,,,0.26666666666666666
2026-02-12,150,0.5398190045248868,,,0.26
2026-02-17,150,0.5398190045248868,,,0.26
2026-02-23,150,0.5438311688311688,,,0.25333333333333335
2026-02-26,150,0.5438311688311688,,,0.25333333333333335
2026-03-05,150,0.5438311688311688,,,0.25333333333333335
2026-03-06,150,0.5438311688311688,,,0.25333333333333335
2026-03-09,150,0.5478331235389319,,,0.2466666666666667
2026-03-12,150,0.5457317073170732,,,0.24666666666666665
2026-03-18,150,0.5434782608695652,,,0.24666666666666665
2026-03-20,150,0.5410714285714285,,,0.2466666666666667
2026-03-26,150,0.5410714285714285,,,0.2466666666666667
2026-03-27,150,0.5410714285714285,,,0.2466666666666667
2026-03-30,150,0.5410714285714285,,,0.2466666666666667
2026-04-23,150,0.5373054213633924,,,0.25333333333333335
2026-05-04,150,0.5396341463414634,,,0.25333333333333335
2026-05-07,150,0.5418090271533896,,,0.2533333333333333
2026-05-15,150,0.5478331235389319,,,0.2466666666666667
2026-05-18,150,0.5497835497835498,,,0.24666666666666665
2026-06-03,150,0.5422077922077922,,,0.24000000000000005
2026-06-05,150,0.5422077922077922,,,0.24000000000000005
2026-06-10,150,0.5463945333573098,,,0.2333333333333334
2026-06-17,150,0.5432209469153515,,,0.22000000000000003
