level_min,consistency,label,n_trades,mean_pnl,median_pnl,win,never_share,deep_itm_minus_otm,members,untested_added,untested_names,mean_pnl_sign_agrees,median_pnl_sign_agrees,deep_itm_minus_otm_sign_agrees,all_agree
0.13,0.6,roic>=0.13/consist>=0.60,2368,-239.98226110419301,-2427.0136731979164,0.3614864864864865,0.7453547297297297,1373.2076856447916,394,11,"AMGN,EMR,GD,INTC,ITW,MDT,META,NOC,PG,SYK,UNH",True,True,True,True
0.13,0.7,roic>=0.13/consist>=0.70,2368,-239.98226110419301,-2427.0136731979164,0.3614864864864865,0.7453547297297297,1373.2076856447916,357,7,"AMGN,EMR,GD,INTC,ITW,NOC,SYK",True,True,True,True
0.13,0.8,roic>=0.13/consist>=0.80,2304,-186.44904891994543,-2402.3631404791663,0.3628472222222222,0.73828125,2706.0891150872394,294,4,"EMR,GD,ITW,NOC",True,True,True,True
0.15,0.6,roic>=0.15/consist>=0.60,2368,-239.98226110419301,-2427.0136731979164,0.3614864864864865,0.7453547297297297,1373.2076856447916,323,10,"AMGN,EMR,GD,INTC,ITW,META,NOC,PG,SYK,UNH",True,True,True,True
0.15,0.7,roic>=0.15/consist>=0.70,2368,-239.98226110419301,-2427.0136731979164,0.3614864864864865,0.7453547297297297,1373.2076856447916,241,0,,True,True,True,True
0.15,0.8,roic>=0.15/consist>=0.80,1824,-389.63425252044266,-2505.9976507958318,0.3607456140350877,0.7395833333333334,2706.0891150872394,174,0,,True,True,True,True
0.18,0.6,roic>=0.18/consist>=0.60,2016,-190.44102120110773,-2255.459172875,0.36706349206349204,0.7385912698412699,1373.2076856447916,208,0,,True,True,True,True
0.18,0.7,roic>=0.18/consist>=0.70,1808,-167.95253900945562,-2197.635044624999,0.3711283185840708,0.7372787610619469,1151.962379222657,169,0,,True,True,True,True
0.18,0.8,roic>=0.18/consist>=0.80,1376,131.809710393126,-2177.446529916667,0.39244186046511625,0.7303779069767442,2666.1969497838572,123,0,,False,True,True,False
