ticker,year,roic,gross_margin,asof
AAPL,2006,0.1961,0.2898,2006-12-30
AAPL,2007,0.2484,0.3397,2007-12-29
AAPL,2008,0.2461,0.3431,2008-12-31
AAPL,2009,0.2216,0.3596,2009-12-31
AAPL,2010,0.3644,0.3938,2010-12-31
AAPL,2011,0.4104,0.4048,2011-12-31
AAPL,2012,0.4201,0.4387,2012-12-29
AAPL,2013,0.2608,0.3762,2013-12-31
AAPL,2014,0.262,0.3859,2014-12-31
AAPL,2015,0.3132,0.4006,2015-12-31
AAPL,2016,0.2195,0.3908,2016-12-31
AAPL,2017,0.1986,0.3847,2017-12-30
AAPL,2018,0.2441,0.3834,2018-12-29
AAPL,2019,0.2575,0.3782,2019-12-31
AAPL,2020,0.2934,0.3823,2020-12-31
AAPL,2021,0.4881,0.4178,2021-12-31
AAPL,2022,0.522,0.4331,2022-12-31
AAPL,2023,0.5262,0.4413,2023-12-30
AAPL,2024,0.5362,0.4621,2024-12-31
ACN,2006,0.5235,0.274,2006-12-30
ACN,2007,0.6161,0.2816,2007-12-29
ACN,2008,0.7294,0.2839,2008-12-31
ACN,2009,0.5754,0.2952,2009-12-31
ACN,2010,0.6183,0.314,2010-12-31
ACN,2011,0.6723,0.3066,2011-12-31
ACN,2012,0.6311,0.3018,2012-12-29
ACN,2013,0.7154,0.3087,2013-12-31
ACN,2014,0.5458,0.3038,2014-12-31
ACN,2015,0.5099,0.298,2015-12-31
ACN,2016,0.5968,0.2953,2016-12-31
ACN,2017,0.414,0.3,2017-12-30
ACN,2018,0.4166,0.2991,2018-12-29
ACN,2019,0.381,0.3081,2019-12-31
ACN,2020,0.291,0.3153,2020-12-31
ACN,2021,0.2724,0.3238,2021-12-31
ACN,2022,0.2839,0.3199,2022-12-31
ACN,2023,0.2466,0.3234,2023-12-30
ACN,2024,0.2319,0.3261,2024-12-31
ADBE,2006,0.1442,0.8864,2006-12-30
ADBE,2007,0.1477,0.8877,2007-12-29
ADBE,2008,0.1786,0.8987,2008-12-31
ADBE,2009,0.0692,0.8993,2009-12-31
ADBE,2010,0.1274,0.8938,2010-12-31
ADBE,2011,0.1237,0.8961,2011-12-31
ADBE,2012,0.1118,0.8901,2012-12-29
ADBE,2013,0.0398,0.8554,2013-12-31
ADBE,2014,0.0359,0.85,2014-12-31
ADBE,2015,0.0789,0.8448,2015-12-31
ADBE,2016,0.1302,0.86,2016-12-31
ADBE,2017,0.1729,0.8616,2017-12-30
ADBE,2018,0.2172,0.8677,2018-12-29
ADBE,2019,0.1938,0.8503,2019-12-31
ADBE,2020,0.3256,0.8662,2020-12-31
ADBE,2021,0.2619,0.8819,2021-12-31
ADBE,2022,0.2514,0.877,2022-12-31
ADBE,2023,0.27,0.8787,2023-12-30
ADBE,2024,0.2661,0.8904,2024-12-31
BA,2006,0.1254,0.1575,2006-12-30
BA,2007,0.132,0.1803,2007-12-29
BA,2008,0.2669,0.1956,2008-12-31
BA,2009,0.2394,0.1733,2009-12-31
BA,2010,0.1479,0.172,2010-12-31
BA,2011,0.2438,0.1938,2011-12-31
BA,2012,0.2825,0.1872,2012-12-29
BA,2013,0.261,0.1598,2013-12-31
BA,2014,0.2384,0.1542,2014-12-31
BA,2015,0.2696,0.1544,2015-12-31
BA,2016,0.3156,0.1459,2016-12-31
BA,2017,0.3813,0.1457,2017-12-30
BA,2018,0.763,0.1855,2018-12-29
BA,2019,0.8482,0.1942,2019-12-31
BA,2020,0.8482,0.0583,2020-12-31
BA,2021,0.8482,-0.0978,2021-12-31
BA,2022,0.8482,0.0484,2022-12-31
BA,2023,0.8482,0.0526,2023-12-30
BA,2024,0.8482,0.0993,2024-12-31
BAX,2006,0.1223,0.4156,2006-12-30
BAX,2007,0.1671,0.4564,2007-12-29
BAX,2008,0.1789,0.49,2008-12-31
BAX,2009,0.2077,0.4964,2009-12-31
BAX,2010,0.2142,0.5194,2010-12-31
BAX,2011,0.1333,0.4639,2011-12-31
BAX,2012,0.1995,0.5072,2012-12-29
BAX,2013,0.1944,0.5145,2013-12-31
BAX,2014,0.1386,0.4977,2014-12-31
BAX,2015,0.1491,0.4893,2015-12-31
BAX,2016,0.0661,0.4159,2016-12-31
BAX,2017,0.3786,0.4044,2017-12-30
BAX,2018,0.0633,0.4225,2018-12-29
BAX,2019,0.1395,0.4297,2019-12-31
BAX,2020,0.0851,0.419,2020-12-31
BAX,2021,0.083,0.393,2021-12-31
BAX,2022,0.0677,0.3993,2022-12-31
BAX,2023,-0.0841,0.3571,2023-12-30
BAX,2024,0.1289,0.3359,2024-12-31
BIIB,2006,0.0184,0.782,2006-12-30
BIIB,2007,0.0222,0.8534,2007-12-29
BIIB,2008,0.0749,0.8943,2008-12-31
BIIB,2009,0.1098,0.9019,2009-12-31
BIIB,2010,0.1349,0.9127,2010-12-31
BIIB,2011,0.1459,0.9151,2011-12-31
BIIB,2012,0.1767,0.9075,2012-12-29
BIIB,2013,0.1777,0.9011,2013-12-31
BIIB,2014,0.2171,0.8763,2014-12-31
BIIB,2015,0.286,0.8793,2015-12-31
BIIB,2016,0.264,0.8848,2016-12-31
BIIB,2017,0.2228,0.8708,2017-12-30
BIIB,2018,0.142,0.8672,2018-12-29
BIIB,2019,0.2397,0.865,2019-12-31
BIIB,2020,0.2959,0.864,2020-12-31
BIIB,2021,0.2256,0.8657,2021-12-31
BIIB,2022,0.0942,0.8079,2022-12-31
BIIB,2023,0.1694,0.7761,2023-12-30
BIIB,2024,0.0536,0.7424,2024-12-31
BKNG,2006,0.3757,0.2783,2006-12-30
BKNG,2007,0.0961,0.3571,2007-12-29
BKNG,2008,0.1505,0.4537,2008-12-31
BKNG,2009,0.1689,0.5072,2009-12-31
BKNG,2010,0.3763,0.5392,2010-12-31
BKNG,2011,0.2868,0.6188,2011-12-31
BKNG,2012,0.3952,0.7071,2012-12-29
BKNG,2013,0.3449,0.7762,2013-12-31
BKNG,2014,0.2764,0.8414,2014-12-31
BKNG,2015,0.2334,0.8984,2015-12-31
BKNG,2016,0.1927,0.9315,2016-12-31
BKNG,2017,0.1352,0.9601,2017-12-30
BKNG,2018,0.127,0.9802,2018-12-29
BKNG,2019,0.2168,0.9802,2019-12-31
BKNG,2020,0.2965,0.9802,2020-12-31
BKNG,2021,0.0173,0.9802,2021-12-31
BKNG,2022,0.0817,0.9802,2022-12-31
BKNG,2023,0.1919,0.9802,2023-12-30
BKNG,2024,0.301,0.9802,2024-12-31
CL,2006,0.288,0.5444,2006-12-30
CL,2007,0.2818,0.5476,2007-12-29
CL,2008,0.3267,0.5618,2008-12-31
CL,2009,0.3632,0.5627,2009-12-31
CL,2010,0.4021,0.5877,2010-12-31
CL,2011,0.3668,0.5914,2011-12-31
CL,2012,0.3713,0.5731,2012-12-29
CL,2013,0.3399,0.5813,2013-12-31
CL,2014,0.2906,0.5856,2014-12-31
CL,2015,0.2879,0.5851,2015-12-31
CL,2016,0.2064,0.5862,2016-12-31
CL,2017,0.2064,0.6004,2017-12-30
CL,2018,0.2064,0.6005,2018-12-29
CL,2019,0.2064,0.5939,2019-12-31
CL,2020,0.3334,0.5942,2020-12-31
CL,2021,0.3216,0.6082,2021-12-31
CL,2022,0.2642,0.5955,2022-12-31
CL,2023,0.2096,0.5704,2023-12-30
CL,2024,0.2552,0.5821,2024-12-31
COST,2006,0.114,0.1231,2006-12-30
COST,2007,0.1054,0.1235,2007-12-29
COST,2008,0.1146,0.1239,2008-12-31
COST,2009,0.0944,0.1272,2009-12-31
COST,2010,0.1074,0.1277,2010-12-31
COST,2011,0.1113,0.1257,2011-12-31
COST,2012,0.124,0.1242,2012-12-29
COST,2013,0.1398,0.1256,2013-12-31
COST,2014,0.1258,0.1259,2014-12-31
COST,2015,0.1367,0.1302,2015-12-31
COST,2016,0.1413,0.1332,2016-12-31
COST,2017,0.1571,0.1329,2017-12-30
COST,2018,0.1726,0.1301,2018-12-29
COST,2019,0.1765,0.1298,2019-12-31
COST,2020,0.1607,0.1309,2020-12-31
COST,2021,0.1806,0.1288,2021-12-31
COST,2022,0.2053,0.1215,2022-12-31
COST,2023,0.1898,0.1226,2023-12-30
COST,2024,0.2139,0.1261,2024-12-31
CVX,2006,0.2135,0.2891,2006-12-30
CVX,2007,0.2221,0.314,2007-12-29
CVX,2008,0.2292,0.3139,2008-12-31
CVX,2009,0.2661,0.2917,2009-12-31
CVX,2010,0.1061,0.3019,2010-12-31
CVX,2011,0.174,0.3193,2011-12-31
CVX,2012,0.2168,0.2707,2012-12-29
CVX,2013,0.1868,0.3314,2013-12-31
CVX,2014,0.1341,0.3237,2014-12-31
CVX,2015,0.1087,0.3194,2015-12-31
CVX,2016,0.0239,0.3012,2016-12-31
CVX,2017,-0.0024,0.2852,2017-12-30
CVX,2018,0.0496,0.2937,2018-12-29
CVX,2019,0.081,0.2826,2019-12-31
CVX,2020,0.0195,0.2183,2020-12-31
CVX,2021,-0.0289,0.2591,2021-12-31
CVX,2022,0.0932,0.3105,2022-12-31
CVX,2023,0.203,0.3139,2023-12-30
CVX,2024,0.1191,0.3067,2024-12-31
GILD,2006,0.313,0.8717,2006-12-30
GILD,2007,-0.3631,0.8568,2007-12-29
GILD,2008,0.4039,0.8183,2008-12-31
GILD,2009,0.3843,0.7887,2009-12-31
GILD,2010,0.4046,0.7724,2010-12-31
GILD,2011,0.3441,0.7648,2011-12-31
GILD,2012,0.2445,0.7467,2012-12-29
GILD,2013,0.1787,0.7453,2013-12-31
GILD,2014,0.1856,0.7448,2014-12-31
GILD,2015,0.5426,0.8478,2015-12-31
GILD,2016,0.5452,0.8773,2016-12-31
GILD,2017,0.3357,0.8598,2017-12-30
GILD,2018,0.1039,0.8326,2018-12-29
GILD,2019,0.1209,0.7807,2019-12-31
GILD,2020,0.1276,0.7917,2020-12-31
GILD,2021,0.0174,0.8148,2021-12-31
GILD,2022,0.1433,0.7582,2022-12-31
GILD,2023,0.113,0.7926,2023-12-30
GILD,2024,0.1365,0.7604,2024-12-31
GOOGL,2006,0.2236,0.5811,2006-12-30
GOOGL,2007,0.2326,0.6016,2007-12-29
GOOGL,2008,0.1908,0.5993,2008-12-31
GOOGL,2009,0.1549,0.6044,2009-12-31
GOOGL,2010,0.1974,0.6261,2010-12-31
GOOGL,2011,0.1805,0.6447,2011-12-31
GOOGL,2012,0.1589,0.6521,2012-12-29
GOOGL,2013,0.1466,0.5888,2013-12-31
GOOGL,2014,0.1452,0.5678,2014-12-31
GOOGL,2015,0.1377,0.6107,2015-12-31
GOOGL,2016,0.1282,0.6244,2016-12-31
GOOGL,2017,0.1402,0.6108,2017-12-30
GOOGL,2018,0.0798,0.5888,2018-12-29
GOOGL,2019,0.1726,0.5648,2019-12-31
GOOGL,2020,0.1615,0.5558,2020-12-31
GOOGL,2021,0.1663,0.5358,2021-12-31
GOOGL,2022,0.2836,0.5694,2022-12-31
GOOGL,2023,0.2066,0.5538,2023-12-30
GOOGL,2024,0.2367,0.5663,2024-12-31
HD,2006,0.2037,0.3352,2006-12-30
HD,2007,0.1702,0.3279,2007-12-29
HD,2008,0.1296,0.3361,2008-12-31
HD,2009,0.0878,0.3365,2009-12-31
HD,2010,0.1062,0.3387,2010-12-31
HD,2011,0.127,0.3427,2011-12-31
HD,2012,0.1487,0.3447,2012-12-29
HD,2013,0.1718,0.3457,2013-12-31
HD,2014,0.2089,0.3475,2014-12-31
HD,2015,0.2477,0.3481,2015-12-31
HD,2016,0.2766,0.3419,2016-12-31
HD,2017,0.3079,0.3416,2017-12-30
HD,2018,0.3279,0.3405,2018-12-29
HD,2019,0.3279,0.3434,2019-12-31
HD,2020,0.3279,0.3409,2020-12-31
HD,2021,0.3421,0.3395,2021-12-31
HD,2022,0.3816,0.3363,2022-12-31
HD,2023,0.3816,0.3353,2023-12-30
HD,2024,0.3134,0.3338,2024-12-31
HON,2006,0.1007,0.2238,2006-12-30
HON,2007,0.1338,0.2318,2007-12-29
HON,2008,0.1544,0.2396,2008-12-31
HON,2009,0.1721,0.2342,2009-12-31
HON,2010,0.1541,0.2499,2010-12-31
HON,2011,0.1362,0.2353,2011-12-31
HON,2012,0.1305,0.2183,2012-12-29
HON,2013,0.1621,0.2489,2013-12-31
HON,2014,0.1759,0.2737,2014-12-31
HON,2015,0.1672,0.2816,2015-12-31
HON,2016,0.1736,0.3067,2016-12-31
HON,2017,0.1522,0.3092,2017-12-30
HON,2018,0.0499,0.3197,2018-12-29
HON,2019,0.1985,0.3052,2019-12-31
HON,2020,0.179,0.337,2020-12-31
HON,2021,0.1312,0.3207,2021-12-31
HON,2022,0.1433,0.3198,2022-12-31
HON,2023,0.1356,0.3282,2023-12-30
HON,2024,0.1611,0.3728,2024-12-31
IBM,2006,0.149,0.4009,2006-12-30
IBM,2007,0.1812,0.4189,2007-12-29
IBM,2008,0.1889,0.4224,2008-12-31
IBM,2009,0.2309,0.4406,2009-12-31
IBM,2010,0.2841,0.4572,2010-12-31
IBM,2011,0.2996,0.4607,2011-12-31
IBM,2012,0.3115,0.4689,2012-12-29
IBM,2013,0.3257,0.4813,2013-12-31
IBM,2014,0.2924,0.4863,2014-12-31
IBM,2015,0.2141,0.5001,2015-12-31
IBM,2016,0.2532,0.4977,2016-12-31
IBM,2017,0.216,0.4792,2017-12-30
IBM,2018,0.0967,0.4578,2018-12-29
IBM,2019,0.143,0.4641,2019-12-31
IBM,2020,0.1366,0.473,2020-12-31
IBM,2021,0.0733,0.4832,2021-12-31
IBM,2022,0.0846,0.549,2022-12-31
IBM,2023,0.033,0.54,2023-12-30
IBM,2024,0.1049,0.5545,2024-12-31
INTC,2006,0.2219,0.5936,2006-12-30
INTC,2007,0.1304,0.5149,2007-12-29
INTC,2008,0.1668,0.5192,2008-12-31
INTC,2009,0.1138,0.5546,2009-12-31
INTC,2010,0.0998,0.5569,2010-12-31
INTC,2011,0.2384,0.6531,2011-12-31
INTC,2012,0.2462,0.6251,2012-12-29
INTC,2013,0.1866,0.6215,2013-12-31
INTC,2014,0.1427,0.598,2014-12-31
INTC,2015,0.1662,0.6374,2015-12-31
INTC,2016,0.1512,0.6265,2016-12-31
INTC,2017,0.1224,0.6094,2017-12-30
INTC,2018,0.1038,0.6225,2018-12-29
INTC,2019,0.2143,0.6173,2019-12-31
INTC,2020,0.203,0.5856,2020-12-31
INTC,2021,0.1893,0.5601,2021-12-31
INTC,2022,0.1617,0.5545,2022-12-31
INTC,2023,0.0573,0.4261,2023-12-30
INTC,2024,0.0089,0.4004,2024-12-31
INTU,2006,0.2406,0.818,2006-12-30
INTU,2007,0.1839,0.8094,2007-12-29
INTU,2008,0.1562,0.797,2008-12-31
INTU,2009,0.1413,0.7873,2009-12-31
INTU,2010,0.165,0.811,2010-12-31
INTU,2011,0.1681,0.8258,2011-12-31
INTU,2012,0.2567,0.8169,2012-12-29
INTU,2013,0.2416,0.8617,2013-12-31
INTU,2014,0.2432,0.8518,2014-12-31
INTU,2015,0.1193,0.8271,2015-12-31
INTU,2016,0.3652,0.8398,2016-12-31
INTU,2017,0.4976,0.8437,2017-12-30
INTU,2018,0.523,0.8362,2018-12-29
INTU,2019,0.4389,0.828,2019-12-31
INTU,2020,0.2793,0.8206,2020-12-31
INTU,2021,0.1934,0.8253,2021-12-31
INTU,2022,0.1145,0.8109,2022-12-31
INTU,2023,0.1042,0.7812,2023-12-30
INTU,2024,0.1243,0.7872,2024-12-31
JNJ,2006,0.2768,0.7238,2006-12-30
JNJ,2007,0.2557,0.7176,2007-12-29
JNJ,2008,0.2142,0.7095,2008-12-31
JNJ,2009,0.2426,0.7096,2009-12-31
JNJ,2010,0.21,0.702,2010-12-31
JNJ,2011,0.1965,0.6949,2011-12-31
JNJ,2012,0.1339,0.6869,2012-12-29
JNJ,2013,0.1422,0.6778,2013-12-31
JNJ,2014,0.1639,0.6867,2014-12-31
JNJ,2015,0.1847,0.694,2015-12-31
JNJ,2016,0.1755,0.6927,2016-12-31
JNJ,2017,0.1786,0.6984,2017-12-30
JNJ,2018,0.0169,0.6684,2018-12-29
JNJ,2019,0.169,0.6679,2019-12-31
JNJ,2020,0.1701,0.6642,2020-12-31
JNJ,2021,0.1593,0.6558,2021-12-31
JNJ,2022,0.2035,0.6816,2022-12-31
JNJ,2023,0.1584,0.6726,2023-12-30
JNJ,2024,0.3236,0.6882,2024-12-31
KO,2006,0.2157,0.6453,2006-12-30
KO,2007,0.2333,0.6611,2007-12-29
KO,2008,0.2275,0.6394,2008-12-31
KO,2009,0.1935,0.6439,2009-12-31
KO,2010,0.2079,0.6422,2010-12-31
KO,2011,0.2669,0.6386,2011-12-31
KO,2012,0.1487,0.6086,2012-12-29
KO,2013,0.1427,0.6032,2013-12-31
KO,2014,0.1258,0.6068,2014-12-31
KO,2015,0.0986,0.6111,2015-12-31
KO,2016,0.1063,0.6053,2016-12-31
KO,2017,0.0953,0.6067,2017-12-30
KO,2018,0.0202,0.6256,2018-12-29
KO,2019,0.1058,0.6305,2019-12-31
KO,2020,0.1511,0.6077,2020-12-31
KO,2021,0.1389,0.5931,2021-12-31
KO,2022,0.1692,0.6027,2022-12-31
KO,2023,0.1534,0.5814,2023-12-30
KO,2024,0.1711,0.5952,2024-12-31
LLY,2006,0.114,0.7628,2006-12-30
LLY,2007,0.1665,0.774,2007-12-29
LLY,2008,0.177,0.772,2008-12-31
LLY,2009,-0.1155,0.7849,2009-12-31
LLY,2010,0.2683,0.8055,2010-12-31
LLY,2011,0.2912,0.8108,2011-12-31
LLY,2012,0.2224,0.7913,2012-12-29
LLY,2013,0.203,0.7878,2013-12-31
LLY,2014,0.2187,0.7876,2014-12-31
LLY,2015,0.1043,0.7485,2015-12-31
LLY,2016,0.1075,0.7476,2016-12-31
LLY,2017,0.1195,0.7335,2017-12-30
LLY,2018,-0.0068,0.7346,2018-12-29
LLY,2019,0.1391,0.7381,2019-12-31
LLY,2020,0.4194,0.7885,2020-12-31
LLY,2021,0.3185,0.7766,2021-12-31
LLY,2022,0.2439,0.7418,2022-12-31
LLY,2023,0.2461,0.7677,2023-12-30
LLY,2024,0.1746,0.7925,2024-12-31
LMT,2006,0.1667,0.0682,2006-12-30
LMT,2007,0.2302,0.0867,2007-12-29
LMT,2008,0.2567,0.1011,2008-12-31
LMT,2009,0.3305,0.1088,2009-12-31
LMT,2010,0.4151,0.0935,2010-12-31
LMT,2011,0.3534,0.0838,2011-12-31
LMT,2012,0.3602,0.0797,2012-12-29
LMT,2013,0.4303,0.0889,2013-12-31
LMT,2014,0.3741,0.0923,2014-12-31
LMT,2015,0.3728,0.1152,2015-12-31
LMT,2016,0.2717,0.1127,2016-12-31
LMT,2017,0.3501,0.1071,2017-12-30
LMT,2018,0.1589,0.1087,2018-12-29
LMT,2019,0.3868,0.1353,2019-12-31
LMT,2020,0.4343,0.1399,2020-12-31
LMT,2021,0.4314,0.1323,2021-12-31
LMT,2022,0.3327,0.1351,2022-12-31
LMT,2023,0.2648,0.1256,2023-12-30
LMT,2024,0.3134,0.1255,2024-12-31
LOW,2006,0.1675,0.3423,2006-12-30
LOW,2007,0.1633,0.3452,2007-12-29
LOW,2008,0.1308,0.3464,2008-12-31
LOW,2009,0.0936,0.3421,2009-12-31
LOW,2010,0.0809,0.3486,2010-12-31
LOW,2011,0.0908,0.3514,2011-12-31
LOW,2012,0.0848,0.3456,2012-12-29
LOW,2013,0.0938,0.343,2013-12-31
LOW,2014,0.1133,0.3459,2014-12-31
LOW,2015,0.1376,0.3479,2015-12-31
LOW,2016,0.1376,0.3482,2016-12-31
LOW,2017,0.1626,0.3455,2017-12-30
LOW,2018,0.1704,0.3411,2018-12-29
LOW,2019,0.1279,0.3212,2019-12-31
LOW,2020,0.2103,0.318,2020-12-31
LOW,2021,0.2417,0.3301,2021-12-31
LOW,2022,0.2417,0.333,2022-12-31
LOW,2023,0.2417,0.3323,2023-12-30
LOW,2024,0.2417,0.3339,2024-12-31
MA,2006,0.2049,nan,2006-12-30
MA,2007,0.0251,nan,2007-12-29
MA,2008,0.3662,nan,2008-12-31
MA,2009,-0.0961,1.0,2009-12-31
MA,2010,0.5488,1.0,2010-12-31
MA,2011,0.4246,1.0,2011-12-31
MA,2012,0.3409,1.0,2012-12-29
MA,2013,0.4298,0.7883,2013-12-31
MA,2014,0.4309,0.7916,2014-12-31
MA,2015,0.4209,0.7821,2015-12-31
MA,2016,0.4381,0.7822,2016-12-31
MA,2017,0.4096,0.7935,2017-12-30
MA,2018,0.3689,0.785,2018-12-29
MA,2019,0.5199,0.785,2019-12-31
MA,2020,0.6476,0.7905,2020-12-31
MA,2021,0.3941,0.7525,2021-12-31
MA,2022,0.4494,0.7623,2022-12-31
MA,2023,0.4974,0.7633,2023-12-30
MA,2024,0.5435,0.7601,2024-12-31
MCD,2006,0.1069,0.3091,2006-12-30
MCD,2007,0.1441,0.3236,2007-12-29
MCD,2008,0.0988,0.3469,2008-12-31
MCD,2009,0.1942,0.3673,2009-12-31
MCD,2010,0.2026,0.3865,2010-12-31
MCD,2011,0.2075,0.4003,2011-12-31
MCD,2012,0.2193,0.3957,2012-12-29
MCD,2013,0.209,0.3924,2013-12-31
MCD,2014,0.2008,0.3879,2014-12-31
MCD,2015,0.1764,0.381,2015-12-31
MCD,2016,0.1681,0.3852,2016-12-31
MCD,2017,0.1922,0.4145,2017-12-30
MCD,2018,0.1922,0.4654,2018-12-29
MCD,2019,0.1922,0.513,2019-12-31
MCD,2020,0.1922,0.5274,2020-12-31
MCD,2021,0.1922,0.5077,2021-12-31
MCD,2022,0.1922,0.5417,2022-12-31
MCD,2023,0.1922,0.5697,2023-12-30
MCD,2024,0.1922,0.5712,2024-12-31
META,2012,0.1992,0.7683,2012-12-29
META,2013,0.0059,0.732,2013-12-31
META,2014,0.1008,0.7618,2014-12-31
META,2015,0.1118,0.8273,2015-12-31
META,2016,0.0903,0.8401,2016-12-31
META,2017,0.1942,0.8629,2017-12-30
META,2018,0.2339,0.8658,2018-12-29
META,2019,0.2702,0.8325,2019-12-31
META,2020,0.1731,0.8194,2020-12-31
META,2021,0.2279,0.8058,2021-12-31
META,2022,0.2808,0.8079,2022-12-31
META,2023,0.1579,0.7835,2023-12-30
META,2024,0.2224,0.8076,2024-12-31
MMM,2006,0.2492,0.5096,2006-12-30
MMM,2007,0.2987,0.489,2007-12-29
MMM,2008,0.2737,0.4794,2008-12-31
MMM,2009,0.2118,0.4705,2009-12-31
MMM,2010,0.1885,0.4763,2010-12-31
MMM,2011,0.2113,0.4812,2011-12-31
MMM,2012,0.2096,0.47,2012-12-29
MMM,2013,0.2048,0.4755,2013-12-31
MMM,2014,0.2005,0.4783,2014-12-31
MMM,2015,0.231,0.4831,2015-12-31
MMM,2016,0.2312,0.4919,2016-12-31
MMM,2017,0.2322,0.5005,2017-12-30
MMM,2018,0.2116,0.4946,2018-12-29
MMM,2019,0.2223,0.4909,2019-12-31
MMM,2020,0.1743,0.4668,2020-12-31
MMM,2021,0.1809,0.4841,2021-12-31
MMM,2022,0.191,0.4684,2022-12-31
MMM,2023,0.1889,0.4381,2023-12-30
MMM,2024,-0.2441,0.4346,2024-12-31
MO,2006,0.1838,0.4666,2006-12-30
MO,2007,0.2035,0.467,2007-12-29
MO,2008,0.2226,0.5651,2008-12-31
MO,2009,0.2525,0.4817,2009-12-31
MO,2010,0.3027,0.5251,2010-12-31
MO,2011,0.2858,0.5439,2011-12-31
MO,2012,0.2336,0.5379,2012-12-29
MO,2013,0.2844,0.5465,2013-12-31
MO,2014,0.2919,0.592,2014-12-31
MO,2015,0.3073,0.5662,2015-12-31
MO,2016,0.3439,0.5895,2016-12-31
MO,2017,0.6927,0.5994,2017-12-30
MO,2018,0.3833,0.6131,2018-12-29
MO,2019,0.2135,0.6243,2019-12-31
MO,2020,-0.0098,0.6421,2020-12-31
MO,2021,0.1574,0.6249,2021-12-31
MO,2022,0.1095,0.6628,2022-12-31
MO,2023,0.1095,0.6886,2023-12-30
MO,2024,0.1095,0.6967,2024-12-31
MON,2021,0.0128,nan,2021-12-31
MON,2022,0.0562,nan,2022-12-24
MSFT,2006,0.2856,0.8272,2006-12-30
MSFT,2007,0.3951,0.7908,2007-12-29
MSFT,2008,0.5052,0.808,2008-12-31
MSFT,2009,0.3217,0.792,2009-12-31
MSFT,2010,0.3875,0.8016,2010-12-31
MSFT,2011,0.3771,0.7773,2011-12-31
MSFT,2012,0.2325,0.7622,2012-12-29
MSFT,2013,0.2506,0.7399,2013-12-31
MSFT,2014,0.2111,0.6898,2014-12-31
MSFT,2015,0.1071,0.647,2015-12-31
MSFT,2016,0.1418,0.6158,2016-12-31
MSFT,2017,0.1546,0.6191,2017-12-30
MSFT,2018,0.1049,0.6525,2018-12-29
MSFT,2019,0.2269,0.659,2019-12-31
MSFT,2020,0.239,0.6778,2020-12-31
MSFT,2021,0.308,0.6893,2021-12-31
MSFT,2022,0.3323,0.684,2022-12-31
MSFT,2023,0.2896,0.6892,2023-12-30
MSFT,2024,0.2923,0.6976,2024-12-31
NKE,2006,0.2077,0.4405,2006-12-30
NKE,2007,0.2049,0.4386,2007-12-29
NKE,2008,0.2352,0.4503,2008-12-31
NKE,2009,0.1656,0.4487,2009-12-31
NKE,2010,0.1921,0.4628,2010-12-31
NKE,2011,0.2049,0.4558,2011-12-31
NKE,2012,0.209,0.434,2012-12-29
NKE,2013,0.2132,0.4359,2013-12-31
NKE,2014,0.2177,0.4477,2014-12-31
NKE,2015,0.2502,0.4597,2015-12-31
NKE,2016,0.2659,0.4624,2016-12-31
NKE,2017,0.2778,0.4458,2017-12-30
NKE,2018,0.1296,0.4384,2018-12-29
NKE,2019,0.3083,0.4467,2019-12-31
NKE,2020,0.1512,0.4342,2020-12-31
NKE,2021,0.2455,0.4482,2021-12-31
NKE,2022,0.2261,0.4598,2022-12-31
NKE,2023,0.1876,0.4352,2023-12-30
NKE,2024,0.217,0.4456,2024-12-31
NVDA,2006,0.2296,0.3834,2006-12-30
NVDA,2007,0.2591,0.4238,2007-12-29
NVDA,2008,0.3449,0.4562,2008-12-31
NVDA,2009,-0.0119,0.3429,2009-12-31
NVDA,2010,-0.033,0.3538,2010-12-31
NVDA,2011,0.0808,0.3977,2011-12-31
NVDA,2012,0.1538,0.5144,2012-12-29
NVDA,2013,0.1217,0.5202,2013-12-31
NVDA,2014,0.0813,0.5491,2014-12-31
NVDA,2015,0.1109,0.5553,2015-12-31
NVDA,2016,0.0934,0.5611,2016-12-31
NVDA,2017,0.2293,0.588,2017-12-30
NVDA,2018,0.3366,0.5993,2018-12-29
NVDA,2019,0.393,0.6121,2019-12-31
NVDA,2020,0.2039,0.6199,2020-12-31
NVDA,2021,0.2259,0.6234,2021-12-31
NVDA,2022,0.3222,0.6493,2022-12-31
NVDA,2023,0.1182,0.5693,2023-12-30
NVDA,2024,0.6629,0.7272,2024-12-31
ORCL,2006,0.1955,0.775,2006-12-30
ORCL,2007,0.1882,0.7671,2007-12-29
ORCL,2008,0.1879,0.7779,2008-12-31
ORCL,2009,0.1737,0.7938,2009-12-31
ORCL,2010,0.1658,0.7851,2010-12-31
ORCL,2011,0.1785,0.7642,2011-12-31
ORCL,2012,0.1794,0.7883,2012-12-29
ORCL,2013,0.1889,0.8087,2013-12-31
ORCL,2014,0.1691,0.8109,2014-12-31
ORCL,2015,0.1305,0.803,2015-12-31
ORCL,2016,0.1059,0.7981,2016-12-31
ORCL,2017,0.1,0.802,2017-12-30
ORCL,2018,0.0406,0.7971,2018-12-29
ORCL,2019,0.13,0.7976,2019-12-31
ORCL,2020,0.1407,0.7968,2020-12-31
ORCL,2021,0.179,0.8059,2021-12-31
ORCL,2022,0.179,0.7908,2022-12-31
ORCL,2023,0.179,0.7285,2023-12-30
ORCL,2024,0.141,0.7141,2024-12-31
PEP,2006,0.2231,0.5646,2006-12-30
PEP,2007,0.298,0.5514,2007-12-29
PEP,2008,0.2857,0.543,2008-12-31
PEP,2009,0.2534,0.5295,2009-12-31
PEP,2010,0.2753,0.5351,2010-12-31
PEP,2011,0.1969,0.5405,2011-12-31
PEP,2012,0.1504,0.5249,2012-12-29
PEP,2013,0.1384,0.5222,2013-12-31
PEP,2014,0.1407,0.5296,2014-12-31
PEP,2015,0.1422,0.5369,2015-12-31
PEP,2016,0.1338,0.5499,2016-12-31
PEP,2017,0.1555,0.5508,2017-12-30
PEP,2018,0.11,0.5469,2018-12-29
PEP,2019,0.2764,0.5456,2019-12-31
PEP,2020,0.1711,0.5513,2020-12-31
PEP,2021,0.1521,0.5482,2021-12-31
PEP,2022,0.158,0.5335,2022-12-31
PEP,2023,0.1708,0.5303,2023-12-30
PEP,2024,0.1624,0.5421,2024-12-31
PM,2008,0.3109,0.6175,2008-12-31
PM,2009,0.3456,0.6371,2009-12-31
PM,2010,0.3403,0.6396,2010-12-31
PM,2011,0.3822,0.643,2011-12-31
PM,2012,0.4697,0.6566,2012-12-29
PM,2013,0.4697,0.6694,2013-12-31
PM,2014,0.4697,0.6665,2014-12-31
PM,2015,0.4697,0.6494,2015-12-31
PM,2016,0.4697,0.6505,2016-12-31
PM,2017,0.4697,0.6481,2017-12-30
PM,2018,0.4697,0.6371,2018-12-29
PM,2019,0.4697,0.6369,2019-12-31
PM,2020,0.4697,0.6473,2020-12-31
PM,2021,0.4697,0.6665,2021-12-31
PM,2022,0.4697,0.6806,2022-12-31
PM,2023,0.4697,0.641,2023-12-30
PM,2024,0.4697,0.6335,2024-12-31
QCOM,2006,0.2014,0.7101,2006-12-30
QCOM,2007,0.2259,0.6978,2007-12-29
QCOM,2008,0.1852,0.6936,2008-12-31
QCOM,2009,0.0635,0.6946,2009-12-31
QCOM,2010,0.1323,0.68,2010-12-31
QCOM,2011,0.1584,0.6739,2011-12-31
QCOM,2012,0.1881,0.6289,2012-12-29
QCOM,2013,0.1806,0.6051,2013-12-31
QCOM,2014,0.1984,0.5966,2014-12-31
QCOM,2015,0.1065,0.5895,2015-12-31
QCOM,2016,0.1267,0.5861,2016-12-31
QCOM,2017,0.0491,0.5607,2017-12-30
QCOM,2018,-0.1361,0.5494,2018-12-29
QCOM,2019,0.2419,0.6457,2019-12-31
QCOM,2020,0.2628,0.6067,2020-12-31
QCOM,2021,0.3984,0.5751,2021-12-31
QCOM,2022,0.4488,0.5784,2022-12-31
QCOM,2023,0.2159,0.557,2023-12-30
QCOM,2024,0.261,0.5621,2024-12-31
RTN,2006,0.0675,0.1674,2006-12-30
RTN,2007,0.0934,0.1836,2007-12-29
RTN,2008,0.1784,0.2002,2008-12-31
RTN,2009,0.1309,0.2011,2009-12-31
RTN,2010,0.1706,0.2063,2010-12-31
RTN,2011,0.1507,0.1938,2011-12-31
RTN,2012,0.1511,0.2076,2012-12-29
RTN,2013,0.1581,0.218,2013-12-31
RTN,2014,0.1498,0.2183,2014-12-31
RTN,2015,0.1563,0.2423,2015-12-31
RTN,2016,0.1476,0.244,2016-12-31
RTN,2017,0.1533,0.2544,2017-12-30
RTN,2018,0.1395,0.2474,2018-12-29
RTN,2019,0.1934,0.2766,2019-12-31
RTN,2020,0.2021,0.2661,2020-04-03
SBUX,2006,0.2128,0.2132,2006-12-30
SBUX,2007,0.2077,0.2334,2007-12-29
SBUX,2008,0.0864,0.1919,2008-12-31
SBUX,2009,0.1069,0.5575,2009-12-31
SBUX,2010,0.2389,0.5836,2010-12-31
SBUX,2011,0.2596,0.577,2011-12-31
SBUX,2012,0.2654,0.5629,2012-12-29
SBUX,2013,-0.0094,0.2836,2013-12-31
SBUX,2014,0.3079,0.301,2014-12-31
SBUX,2015,0.3586,0.3112,2015-12-31
SBUX,2016,0.3102,0.3162,2016-12-31
SBUX,2017,0.2992,0.3062,2017-12-30
SBUX,2018,0.4426,0.2974,2018-12-29
SBUX,2019,0.4426,0.2825,2019-12-31
SBUX,2020,0.4426,0.2151,2020-12-31
SBUX,2021,0.4426,0.2887,2021-12-31
SBUX,2022,0.4426,0.2596,2022-12-31
SBUX,2023,0.4426,0.2737,2023-12-30
SBUX,2024,0.4426,0.2684,2024-12-31
TXN,2006,0.1785,0.4751,2006-12-30
TXN,2007,0.3672,0.5092,2007-12-29
TXN,2008,0.2491,0.53,2008-12-31
TXN,2009,0.1929,0.4996,2009-12-31
TXN,2010,0.1525,0.4794,2010-12-31
TXN,2011,0.3193,0.5364,2011-12-31
TXN,2012,0.1387,0.493,2012-12-29
TXN,2013,0.1066,0.4965,2013-12-31
TXN,2014,0.1349,0.5214,2014-12-31
TXN,2015,0.183,0.5693,2015-12-31
TXN,2016,0.206,0.5815,2016-12-31
TXN,2017,0.256,0.6163,2017-12-30
TXN,2018,0.2594,0.6426,2018-12-29
TXN,2019,0.3962,0.6511,2019-12-31
TXN,2020,0.3559,0.6371,2020-12-31
TXN,2021,0.3682,0.641,2021-12-31
TXN,2022,0.419,0.6747,2022-12-31
TXN,2023,0.3944,0.6876,2023-12-30
TXN,2024,0.2621,0.629,2024-12-31
UNH,2006,0.1746,0.2706,2006-12-30
UNH,2007,0.1676,0.2372,2007-12-29
UNH,2008,0.1569,0.2549,2008-12-31
UNH,2009,0.1048,0.231,2009-12-31
UNH,2010,0.1224,0.0843,2010-12-31
UNH,2011,0.1332,0.2415,2011-12-31
UNH,2012,0.1339,0.242,2012-12-29
UNH,2013,0.1314,0.2519,2013-12-31
UNH,2014,0.1253,0.2479,2014-12-31
UNH,2015,0.1218,0.2562,2015-12-31
UNH,2016,0.1086,0.2357,2016-12-31
UNH,2017,0.1116,0.2347,2017-12-30
UNH,2018,0.1523,0.2337,2018-12-29
UNH,2019,0.1559,0.238,2019-12-31
UNH,2020,0.1628,0.2379,2020-12-31
UNH,2021,0.1609,0.2606,2021-12-31
UNH,2022,0.1641,0.2422,2022-12-31
UNH,2023,0.1719,0.2456,2023-12-30
UNH,2024,0.1741,0.2448,2024-12-31
UNP,2006,0.0661,0.5712,2006-12-30
UNP,2007,0.0884,0.5861,2007-12-29
UNP,2008,0.0949,0.5901,2008-12-31
UNP,2009,0.1113,0.5987,2009-12-31
UNP,2010,0.089,0.6778,2010-12-31
UNP,2011,0.1173,0.6779,2011-12-31
UNP,2012,0.134,0.6547,2012-12-29
UNP,2013,0.1517,0.36,2013-12-31
UNP,2014,0.158,0.3777,2014-12-31
UNP,2015,0.1741,0.4034,2015-12-31
UNP,2016,0.1526,0.4115,2016-12-31
UNP,2017,0.1335,0.4147,2017-12-30
UNP,2018,0.2902,0.4242,2018-12-29
UNP,2019,0.1563,0.4178,2019-12-31
UNP,2020,0.1517,0.4429,2020-12-31
UNP,2021,0.1374,0.4699,2021-12-31
UNP,2022,0.1629,0.4822,2022-12-31
UNP,2023,0.172,0.4505,2023-12-30
UNP,2024,0.1536,0.4365,2024-12-31
UPS,2006,0.1856,0.7117,2006-12-30
UPS,2007,0.2077,0.6899,2007-12-29
UPS,2008,0.028,0.7981,2008-12-31
UPS,2009,0.164,0.7693,2009-12-31
UPS,2010,0.1442,0.8053,2010-12-31
UPS,2011,0.2063,0.7832,2011-12-31
UPS,2012,0.2181,0.7457,2012-12-29
UPS,2013,0.0635,0.1033,2013-12-31
UPS,2014,0.265,0.204,2014-12-31
UPS,2015,0.2156,0.1632,2015-12-31
UPS,2016,0.341,0.2108,2016-12-31
UPS,2017,0.2215,0.1657,2017-12-30
UPS,2018,0.25,0.1908,2018-12-29
UPS,2019,0.2066,0.1738,2019-12-31
UPS,2020,0.1732,0.1851,2020-12-31
UPS,2021,0.0619,0.1806,2021-12-31
UPS,2022,0.3939,0.2115,2022-12-31
UPS,2023,0.2912,0.2129,2023-12-30
UPS,2024,0.1677,0.1894,2024-12-31
UTX,2006,0.1532,0.276,2006-12-30
UTX,2007,0.1654,0.2737,2007-12-29
UTX,2008,0.1686,0.271,2008-12-31
UTX,2009,0.1793,0.2747,2009-12-31
UTX,2010,0.1518,0.2657,2010-12-31
UTX,2011,0.1574,0.2745,2011-12-31
UTX,2012,0.167,0.2756,2012-12-29
UTX,2013,0.1405,0.2695,2013-12-31
UTX,2014,0.126,0.2763,2014-12-31
UTX,2015,0.1334,0.2712,2015-12-31
UTX,2016,0.1653,0.2793,2016-12-31
UTX,2017,0.1178,0.2757,2017-12-30
UTX,2018,0.0945,0.2655,2018-12-29
UTX,2019,0.0847,0.2484,2019-12-31
UTX,2020,0.0779,0.2593,2020-12-31
UTX,2021,-0.0261,0.1508,2021-12-31
UTX,2022,0.047,0.194,2022-12-31
UTX,2023,0.0592,0.2038,2023-12-30
UTX,2024,0.0432,0.1754,2024-12-31
V,2008,0.0795,0.7544,2008-12-31
V,2009,0.109,0.7777,2009-12-31
V,2010,0.1247,0.7958,2010-12-31
V,2011,0.1427,0.8024,2011-12-31
V,2012,0.079,0.7946,2012-12-29
V,2013,0.1821,0.7962,2013-12-31
V,2014,0.1997,0.8125,2014-12-31
V,2015,0.2205,0.8161,2015-12-31
V,2016,0.1322,0.8167,2016-12-31
V,2017,0.1339,0.8231,2017-12-30
V,2018,0.2087,0.8129,2018-12-29
V,2019,0.2283,0.8187,2019-12-31
V,2020,0.1916,0.7935,2020-12-31
V,2021,0.2126,0.7938,2021-12-31
V,2022,0.2663,0.8044,2022-12-31
V,2023,0.3158,0.7989,2023-12-30
V,2024,0.3433,0.804,2024-12-31
PG,2006,0.122,0.5145,2006-12-30
PG,2007,0.1016,0.5203,2007-12-29
PG,2008,0.1158,0.5127,2008-12-31
PG,2009,0.14,0.5078,2009-12-31
PG,2010,0.1402,0.5196,2010-12-31
PG,2011,0.1298,0.5062,2011-12-31
PG,2012,0.1162,0.4934,2012-12-29
PG,2013,0.1209,0.4959,2013-12-31
PG,2014,0.1175,0.4888,2014-12-31
PG,2015,0.0731,0.4903,2015-12-31
PG,2016,0.1182,0.496,2016-12-31
PG,2017,0.1773,0.4999,2017-12-30
PG,2018,0.1149,0.4873,2018-12-29
PG,2019,0.0481,0.4863,2019-12-31
PG,2020,0.1655,0.5032,2020-12-31
PG,2021,0.1808,0.5125,2021-12-31
PG,2022,0.189,0.4743,2022-12-31
PG,2023,0.1848,0.4786,2023-12-30
PG,2024,0.1821,0.5139,2024-12-31
PFE,2006,0.095,0.8338,2006-12-30
PFE,2007,0.2378,0.8421,2007-12-29
PFE,2008,0.1035,0.7679,2008-12-31
PFE,2009,0.1061,0.832,2009-12-31
PFE,2010,0.0846,0.8223,2010-12-31
PFE,2011,0.0702,0.7599,2011-12-31
PFE,2012,0.0858,0.7763,2012-12-29
PFE,2013,0.129,0.8079,2013-12-31
PFE,2014,0.1965,0.8142,2014-12-31
PFE,2015,0.0891,0.8069,2015-12-31
PFE,2016,0.0711,0.8025,2016-12-31
PFE,2017,0.0767,0.7666,2017-12-30
PFE,2018,0.2036,0.7861,2018-12-29
PFE,2019,0.1105,0.7903,2019-12-31
PFE,2020,0.1602,0.8025,2020-12-31
PFE,2021,0.1012,0.7926,2021-12-31
PFE,2022,0.2145,0.6208,2022-12-31
PFE,2023,0.2637,0.6577,2023-12-30
PFE,2024,0.0178,0.5734,2024-12-31
AMGN,2006,0.1529,0.8325,2006-12-30
AMGN,2007,0.1087,0.8532,2007-12-29
AMGN,2008,0.111,0.8275,2008-12-31
AMGN,2009,0.1408,0.847,2009-12-31
AMGN,2010,0.1551,0.8572,2010-12-31
AMGN,2011,0.1321,0.8525,2011-12-31
AMGN,2012,0.0984,0.8442,2012-12-29
AMGN,2013,0.1124,0.831,2013-12-31
AMGN,2014,0.1135,0.8208,2014-12-31
AMGN,2015,0.1033,0.7796,2015-12-31
AMGN,2016,0.1269,0.8049,2016-12-31
AMGN,2017,0.133,0.819,2017-12-30
AMGN,2018,0.0353,0.8219,2018-12-29
AMGN,2019,0.1687,0.8273,2019-12-31
AMGN,2020,0.1931,0.8135,2020-12-31
AMGN,2021,0.1992,0.7577,2021-12-31
AMGN,2022,0.1686,0.7516,2022-12-31
AMGN,2023,0.189,0.7566,2023-12-30
AMGN,2024,0.1617,0.7002,2024-12-31
TMO,2006,0.0709,0.4538,2006-12-30
TMO,2007,0.0169,0.4136,2007-12-29
TMO,2008,0.0458,0.3903,2008-12-31
TMO,2009,0.0591,0.4007,2009-12-31
TMO,2010,0.0546,0.3981,2010-12-31
TMO,2011,0.0626,0.4114,2011-12-31
TMO,2012,0.074,0.4104,2012-12-29
TMO,2013,0.0624,0.4233,2013-12-31
TMO,2014,0.0601,0.4224,2014-12-31
TMO,2015,0.0732,0.4436,2015-12-31
TMO,2016,0.064,0.4572,2016-12-31
TMO,2017,0.0631,0.458,2017-12-30
TMO,2018,0.0637,0.4515,2018-12-29
TMO,2019,0.0735,0.4457,2019-12-31
TMO,2020,0.0874,0.4435,2020-12-31
TMO,2021,0.1313,0.4967,2021-12-31
TMO,2022,0.1237,0.5008,2022-12-31
TMO,2023,0.0955,0.4224,2023-12-30
TMO,2024,0.0808,0.399,2024-12-31
DHR,2006,0.1485,0.4315,2006-12-30
DHR,2007,0.1476,0.4422,2007-12-29
DHR,2008,0.1252,0.4572,2008-12-31
DHR,2009,0.1116,0.4678,2009-12-31
DHR,2010,0.0924,0.4721,2010-12-31
DHR,2011,0.121,0.5019,2011-12-31
DHR,2012,0.1177,0.5082,2012-12-29
DHR,2013,0.1078,0.5156,2013-12-31
DHR,2014,0.1115,0.5208,2014-12-31
DHR,2015,0.1015,0.5244,2015-12-31
DHR,2016,0.1098,0.5234,2016-12-31
DHR,2017,0.0753,0.5529,2017-12-30
DHR,2018,0.0727,0.5561,2018-12-29
DHR,2019,0.074,0.5583,2019-12-31
DHR,2020,0.067,0.5574,2020-12-31
DHR,2021,0.0669,0.5598,2021-12-31
DHR,2022,0.1043,0.6095,2022-12-31
DHR,2023,0.108,0.6021,2023-12-30
DHR,2024,0.0665,0.5874,2024-12-31
ABT,2006,0.16,0.5236,2006-12-30
ABT,2007,0.0723,0.5633,2007-12-29
ABT,2008,0.1278,0.5592,2008-12-31
ABT,2009,0.1747,0.5729,2009-12-31
ABT,2010,0.1774,0.5706,2010-12-31
ABT,2011,0.1238,0.583,2011-12-31
ABT,2012,0.1265,0.6,2012-12-29
ABT,2013,0.1482,0.6208,2013-12-31
ABT,2014,0.0674,0.5405,2014-12-31
ABT,2015,0.0764,0.5447,2015-12-31
ABT,2016,0.1501,0.5713,2016-12-31
ABT,2017,0.0453,0.5673,2017-12-30
ABT,2018,0.0186,0.5496,2018-12-29
ABT,2019,0.0542,0.5845,2019-12-31
ABT,2020,0.0841,0.5853,2020-12-31
ABT,2021,0.0966,0.5665,2021-12-31
ABT,2022,0.1397,0.5697,2022-12-31
ABT,2023,0.1327,0.5615,2023-12-30
ABT,2024,0.1093,0.5518,2024-12-31
MDT,2006,0.1686,0.7507,2006-12-30
MDT,2007,0.1631,0.7424,2007-12-29
MDT,2008,0.1255,0.745,2008-12-31
MDT,2009,0.1135,0.759,2009-12-31
MDT,2010,0.1486,0.759,2010-12-31
MDT,2011,0.1332,0.7545,2011-12-31
MDT,2012,0.1404,0.7597,2012-12-29
MDT,2013,0.1268,0.7513,2013-12-31
MDT,2014,0.1044,0.7452,2014-12-31
MDT,2015,0.0479,0.6886,2015-12-31
MDT,2016,0.05,0.6829,2016-12-31
MDT,2017,0.0559,0.6873,2017-12-30
MDT,2018,0.0467,0.6977,2018-12-29
MDT,2019,0.078,0.7004,2019-12-31
MDT,2020,0.074,0.6741,2020-12-31
MDT,2021,0.0583,0.6519,2021-12-31
MDT,2022,0.0718,0.6798,2022-12-31
MDT,2023,0.0552,0.6567,2023-12-30
MDT,2024,0.056,0.6534,2024-12-31
SYK,2006,0.2162,0.6482,2006-12-30
SYK,2007,0.2072,0.658,2007-12-29
SYK,2008,0.2119,0.6892,2008-12-31
SYK,2009,0.2192,0.6827,2009-12-31
SYK,2010,0.1839,0.6752,2010-12-31
SYK,2011,0.1611,0.6877,2011-12-31
SYK,2012,0.1524,0.6616,2012-12-29
SYK,2013,0.131,0.6788,2013-12-31
SYK,2014,0.0908,0.67,2014-12-31
SYK,2015,0.0422,0.6598,2015-12-31
SYK,2016,0.1147,0.6638,2016-12-31
SYK,2017,0.1136,0.6618,2017-12-30
SYK,2018,0.0606,0.6568,2018-12-29
SYK,2019,0.1833,0.6572,2019-12-31
SYK,2020,0.0916,0.6514,2020-12-31
SYK,2021,0.0627,0.6311,2021-12-31
SYK,2022,0.0733,0.6411,2022-12-31
SYK,2023,0.0827,0.6276,2023-12-30
SYK,2024,0.1033,0.637,2024-12-31
ADP,2006,0.2602,0.517,2006-12-30
ADP,2007,0.2019,0.5651,2007-12-29
ADP,2008,0.2392,0.5538,2008-12-31
ADP,2009,0.2266,0.4542,2009-12-31
ADP,2010,0.1472,0.4366,2010-12-31
ADP,2011,0.1573,0.3863,2011-12-31
ADP,2012,0.2198,0.4149,2012-12-29
ADP,2013,0.2221,0.4121,2013-12-31
ADP,2014,0.1721,0.4084,2014-12-31
ADP,2015,0.2468,0.4124,2015-12-31
ADP,2016,0.2633,0.4137,2016-12-31
ADP,2017,0.2784,0.4128,2017-12-30
ADP,2018,0.2858,0.4115,2018-12-29
ADP,2019,0.3603,0.4295,2019-12-31
ADP,2020,0.301,0.4212,2020-12-31
ADP,2021,0.3251,0.4242,2021-12-31
ADP,2022,0.3826,0.4265,2022-12-31
ADP,2023,0.52,0.4474,2023-12-30
ADP,2024,0.5225,0.4544,2024-12-31
ROP,2006,0.0738,0.4997,2006-12-30
ROP,2007,0.083,0.5064,2007-12-29
ROP,2008,0.0933,0.5035,2008-12-31
ROP,2009,0.1052,0.5152,2009-12-31
ROP,2010,0.082,0.5089,2010-12-31
ROP,2011,0.0966,0.5344,2011-12-31
ROP,2012,0.1021,0.5418,2012-12-29
ROP,2013,0.1063,0.5585,2013-12-31
ROP,2014,0.0971,0.5815,2014-12-31
ROP,2015,0.1028,0.5922,2015-12-31
ROP,2016,0.0971,0.6042,2016-12-31
ROP,2017,0.0716,0.6154,2017-12-30
ROP,2018,0.095,0.6218,2018-12-29
ROP,2019,0.0881,0.6317,2019-12-31
ROP,2020,0.1393,0.6386,2020-12-31
ROP,2021,0.0642,0.641,2021-12-31
ROP,2022,0.0673,0.678,2022-12-31
ROP,2023,0.222,0.6986,2023-12-30
ROP,2024,0.065,0.6972,2024-12-31
ITW,2006,0.1707,0.3527,2006-12-30
ITW,2007,0.179,0.3542,2007-12-29
ITW,2008,0.1693,0.3534,2008-12-31
ITW,2009,0.1321,0.3527,2009-12-31
ITW,2010,0.0927,0.341,2010-12-31
ITW,2011,0.1366,0.3547,2011-12-31
ITW,2012,0.1671,0.3524,2012-12-29
ITW,2013,0.2019,0.3609,2013-12-31
ITW,2014,0.1144,0.3948,2014-12-31
ITW,2015,0.2028,0.4012,2015-12-31
ITW,2016,0.1501,0.4116,2016-12-31
ITW,2017,0.1759,0.4194,2017-12-30
ITW,2018,0.1453,0.4195,2018-12-29
ITW,2019,0.2319,0.4174,2019-12-31
ITW,2020,0.2471,0.4197,2020-12-31
ITW,2021,0.201,0.4135,2021-12-31
ITW,2022,0.2477,0.4127,2022-12-31
ITW,2023,0.2819,0.4082,2023-12-30
ITW,2024,0.2786,0.4216,2024-12-31
EMR,2006,0.1558,0.356,2006-12-30
EMR,2007,0.1728,0.3593,2007-12-29
EMR,2008,0.1843,0.3684,2008-12-31
EMR,2009,0.1406,0.3681,2009-12-31
EMR,2010,0.1678,0.3957,2010-12-31
EMR,2011,0.1729,0.3946,2011-12-31
EMR,2012,0.1355,0.4001,2012-12-29
EMR,2013,0.1349,0.4034,2013-12-31
EMR,2014,0.1404,0.414,2014-12-31
EMR,2015,0.1817,0.4057,2015-12-31
EMR,2016,0.1213,0.4312,2016-12-31
EMR,2017,0.1186,0.4195,2017-12-30
EMR,2018,0.1725,0.4285,2018-12-29
EMR,2019,0.177,0.4254,2019-12-31
EMR,2020,0.1389,0.4176,2020-12-31
EMR,2021,0.146,0.4147,2021-12-31
EMR,2022,0.1779,0.4171,2022-12-31
EMR,2023,0.525,0.4897,2023-12-30
EMR,2024,0.069,0.5079,2024-12-31
GD,2006,0.1483,0.1034,2006-12-30
GD,2007,0.1658,0.1091,2007-12-29
GD,2008,0.1561,0.1143,2008-12-31
GD,2009,0.1749,0.1247,2009-12-31
GD,2010,0.1649,0.176,2010-12-31
GD,2011,0.1666,0.182,2011-12-31
GD,2012,0.1557,0.1792,2012-12-29
GD,2013,-0.0142,0.1619,2013-12-31
GD,2014,0.1434,0.1846,2014-12-31
GD,2015,0.1497,0.1904,2015-12-31
GD,2016,0.2025,0.1948,2016-12-31
GD,2017,0.2083,0.1993,2017-12-30
GD,2018,0.1972,0.1998,2018-12-29
GD,2019,0.1839,0.1855,2019-12-31
GD,2020,0.1511,0.1794,2020-12-31
GD,2021,0.1251,0.1668,2021-12-31
GD,2022,0.1187,0.1666,2022-12-31
GD,2023,0.1202,0.168,2023-12-30
GD,2024,0.1142,0.1578,2024-12-31
NOC,2006,0.0639,0.167,2006-12-30
NOC,2007,0.0721,0.182,2007-12-29
NOC,2008,0.0842,0.1941,2008-12-31
NOC,2009,-0.0671,0.1826,2009-12-31
NOC,2010,0.1145,0.1666,2010-12-31
NOC,2011,0.1286,0.1769,2011-12-31
NOC,2012,0.1388,0.213,2012-12-29
NOC,2013,0.1529,0.2213,2013-12-31
NOC,2014,0.1419,0.2181,2014-12-31
NOC,2015,0.1527,0.2336,2015-12-31
NOC,2016,0.1757,0.2398,2016-12-31
NOC,2017,0.2001,0.2357,2017-12-30
NOC,2018,0.1335,0.2307,2018-12-29
NOC,2019,0.1707,0.2257,2019-12-31
NOC,2020,0.115,0.2145,2020-12-31
NOC,2021,0.1451,0.2032,2021-12-31
NOC,2022,0.2745,0.2038,2022-12-31
NOC,2023,0.1857,0.2042,2023-12-30
NOC,2024,0.0853,0.1667,2024-12-31
